"Symbol","Name","LastSale","MarketCap","IPOyear","Sector","industry","Summary Quote",
"XXII","22nd Century Group, Inc","2.21","$273.08M","n/a","Consumer Non-Durables","Farming/Seeds/Milling","http://www.nasdaq.com/symbol/xxii",
"FAX","Aberdeen Asia-Pacific Income Fund Inc","4.94","$1.25B","1986","n/a","n/a","http://www.nasdaq.com/symbol/fax",
"IAF","Aberdeen Australia Equity Fund Inc","6.24","$141.91M","n/a","n/a","n/a","http://www.nasdaq.com/symbol/iaf",
"CH","Aberdeen Chile Fund, Inc.","8.61","$80.57M","n/a","n/a","n/a","http://www.nasdaq.com/symbol/ch",
"ABE           ","Aberdeen Emerging Markets Smaller Company Opportunities Fund I","14.2548","$135.2M","n/a","n/a","n/a","http://www.nasdaq.com/symbol/abe",
"FCO","Aberdeen Global Income Fund, Inc.","8.6872","$75.79M","1992","n/a","n/a","http://www.nasdaq.com/symbol/fco",
"IF","Aberdeen Indonesia Fund, Inc.","7.645","$70.77M","1990","n/a","n/a","http://www.nasdaq.com/symbol/if",
"ISL","Aberdeen Israel Fund, Inc.","19.57","$77.21M","1992","n/a","n/a","http://www.nasdaq.com/symbol/isl",
"ACU","Acme United Corporation.","22.14","$74.7M","1988","Capital Goods","Industrial Machinery/Components","http://www.nasdaq.com/symbol/acu",
"ATNM","Actinium Pharmaceuticals, Inc.","0.639","$51.14M","n/a","Health Care","Major Pharmaceuticals","http://www.nasdaq.com/symbol/atnm",
"AE","Adams Resources & Energy, Inc.","42.9","$180.93M","n/a","Energy","Oil Refining/Marketing","http://www.nasdaq.com/symbol/ae",
"ACY","AeroCentury Corp.","14.295","$20.25M","n/a","Technology","Diversified Commercial Services","http://www.nasdaq.com/symbol/acy",
"AIRI","Air Industries Group","1.37","$19.53M","n/a","Capital Goods","Military/Government/Technical","http://www.nasdaq.com/symbol/airi",
"AXU","Alexco Resource Corp","1.235","$125.02M","n/a","Basic Industries","Precious Metals","http://www.nasdaq.com/symbol/axu",
"ALO","Alio Gold Inc.","3.41","$148.76M","2011","Basic Industries","Precious Metals","http://www.nasdaq.com/symbol/alo",
"AAU","Almaden Minerals, Ltd.","0.92","$93.23M","2015","Basic Industries","Precious Metals","http://www.nasdaq.com/symbol/aau",
"APT","Alpha Pro Tech, Ltd.","4.05","$61.38M","n/a","Health Care","Industrial Specialties","http://www.nasdaq.com/symbol/apt",
"AAMC","Altisource Asset Management Corp","76.625","$122.21M","n/a","Finance","Real Estate","http://www.nasdaq.com/symbol/aamc",
"DIT","AMCON Distributing Company","87.5","$60.43M","n/a","Consumer Non-Durables","Food Distributors","http://www.nasdaq.com/symbol/dit",
"ALN","American Lorain Corporation","0.2498","$9.56M","n/a","Consumer Non-Durables","Packaged Foods","http://www.nasdaq.com/symbol/aln",
"AMS","American Shared Hospital Services","2.7","$15.42M","n/a","Health Care","Medical Specialities","http://www.nasdaq.com/symbol/ams",
"USAS","Americas Silver Corporation","3.8","$155.06M","2017","Basic Industries","Precious Metals","http://www.nasdaq.com/symbol/usas",
"AMPE","Ampio Pharmaceuticals, Inc.","1.4","$106.32M","n/a","Health Care","Major Pharmaceuticals","http://www.nasdaq.com/symbol/ampe",
"APHB","AmpliPhi Biosciences Corporation","0.91","$8.44M","n/a","Health Care","Biotechnology: Biological Products (No Diagnostic Substances)","http://www.nasdaq.com/symbol/aphb",
"ARNC^","Arconic Inc.","92.05","n/a","n/a","n/a","n/a","http://www.nasdaq.com/symbol/arnc^",
"AKG","Asanko Gold Inc.","0.8053","$163.84M","n/a","Basic Industries","Mining & Quarrying of Nonmetallic Minerals (No Fuels)","http://www.nasdaq.com/symbol/akg",
"AINC","Ashford Inc.","80.9","$169.3M","2014","Consumer Services","Professional Services","http://www.nasdaq.com/symbol/ainc",
"ASB.WS","Associated Banc-Corp","n/a","n/a","n/a","n/a","n/a","http://www.nasdaq.com/symbol/asb.ws",
"AST","Asterias Biotherapeutics, Inc.","2.45","$132.42M","n/a","Health Care","Biotechnology: Biological Products (No Diagnostic Substances)","http://www.nasdaq.com/symbol/ast",
"AUG","Auryn Resources Inc.","1.6513","$129.59M","n/a","Basic Industries","Precious Metals","http://www.nasdaq.com/symbol/aug",
"AWX","Avalon Holdings Corporation","2.1301","$8.1M","n/a","Public Utilities","Environmental Services","http://www.nasdaq.com/symbol/awx",
"ASM","Avino Silver","1.33","$70.12M","n/a","Basic Industries","Precious Metals","http://www.nasdaq.com/symbol/asm",
"BTG","B2Gold Corp","2.75","$2.69B","n/a","Basic Industries","Precious Metals","http://www.nasdaq.com/symbol/btg",
"BTN","Ballantyne Strong, Inc","4.9","$70.64M","n/a","Miscellaneous","Industrial Machinery/Components","http://www.nasdaq.com/symbol/btn",
"BKJ","Bancorp of New Jersey, Inc","16.5","$113.44M","n/a","Finance","Major Banks","http://www.nasdaq.com/symbol/bkj",
"BCV","Bancroft Fund Limited","21.7389","$114.13M","n/a","n/a","n/a","http://www.nasdaq.com/symbol/bcv",
"BCV^A","Bancroft Fund Limited","26.01","n/a","n/a","n/a","n/a","http://www.nasdaq.com/symbol/bcv^a",
"BAA","BANRO CORPORATION","0.1168","$12.82M","n/a","Basic Industries","Precious Metals","http://www.nasdaq.com/symbol/baa",
"BHB","Bar Harbor Bankshares, Inc.","28.79","$444.34M","n/a","Finance","Major Banks","http://www.nasdaq.com/symbol/bhb",
"BRN","Barnwell Industries, Inc.","2.08","$17.22M","n/a","Energy","Oil & Gas Production","http://www.nasdaq.com/symbol/brn",
"BGSF","BG Staffing Inc","16","$140.15M","n/a","Technology","Professional Services","http://www.nasdaq.com/symbol/bgsf",
"BPMX","BioPharmX Corporation","0.19","$15.14M","2015","Health Care","Major Pharmaceuticals","http://www.nasdaq.com/symbol/bpmx",
"BTX","BioTime, Inc.","2.5","$317.16M","n/a","Health Care","Biotechnology: Biological Products (No Diagnostic Substances)","http://www.nasdaq.com/symbol/btx",
"BTX.WS","BioTime, Inc.","n/a","n/a","n/a","n/a","n/a","http://www.nasdaq.com/symbol/btx.ws",
"BGI","Birks Group Inc.","1.98","$35.56M","n/a","Consumer Services","Consumer Specialties","http://www.nasdaq.com/symbol/bgi",
"BZM","BlackRock Maryland Municipal Bond Trust","13.64","$28.36M","2002","n/a","n/a","http://www.nasdaq.com/symbol/bzm",
"MHE","BlackRock Massachusetts Tax-Exempt Trust","14","$33.14M","1993","n/a","n/a","http://www.nasdaq.com/symbol/mhe",
"BLE","BlackRock Municipal Income Trust II","14.6","$343.1M","2002","n/a","n/a","http://www.nasdaq.com/symbol/ble",
"BLJ","Blackrock New Jersey Municipal Bond Trust","14.8","$34.44M","2002","n/a","n/a","http://www.nasdaq.com/symbol/blj",
"BFY","BlackRock New York Municipal Income Trust II","15.22","$76.17M","2002","n/a","n/a","http://www.nasdaq.com/symbol/bfy",
"BHV","BlackRock Virginia Municipal Bond Trust","17.9491","$28.67M","2002","n/a","n/a","http://www.nasdaq.com/symbol/bhv",
"BDR","Blonder Tongue Laboratories, Inc.","0.46","$3.74M","n/a","Technology","Radio And Television Broadcasting And Communications Equipment","http://www.nasdaq.com/symbol/bdr",
"BRG","Bluerock Residential Growth REIT, Inc.","11.34","$274.51M","2014","Consumer Services","Real Estate Investment Trusts","http://www.nasdaq.com/symbol/brg",
"BRG^A","Bluerock Residential Growth REIT, Inc.","26.4605","n/a","n/a","n/a","n/a","http://www.nasdaq.com/symbol/brg^a",
"BRG^C","Bluerock Residential Growth REIT, Inc.","25.8886","n/a","n/a","n/a","n/a","http://www.nasdaq.com/symbol/brg^c",
"BRG^D","Bluerock Residential Growth REIT, Inc.","25.05","n/a","n/a","n/a","n/a","http://www.nasdaq.com/symbol/brg^d",
"BVX","Bovie Medical Corporation","2.71","$89.05M","n/a","Health Care","Medical/Dental Instruments","http://www.nasdaq.com/symbol/bvx",
"BWL.A","Bowl America, Inc.","n/a","n/a","n/a","n/a","n/a","http://www.nasdaq.com/symbol/bwl.a",
"CMCL","Caledonia Mining Corporation Plc","5.91","$62.54M","n/a","Basic Industries","Precious Metals","http://www.nasdaq.com/symbol/cmcl",
"CEI","Camber Energy, Inc.","0.2048","$10.69M","n/a","Energy","Oil & Gas Production","http://www.nasdaq.com/symbol/cei",
"CANF","Can-Fite Biopharma Ltd","1.4315","$23.41M","n/a","Health Care","Major Pharmaceuticals","http://www.nasdaq.com/symbol/canf",
"ROX","Castle Brands, Inc.","1.15","$188.95M","2006","Consumer Non-Durables","Beverages (Production/Distribution)","http://www.nasdaq.com/symbol/rox",
"CAW","CCA Industries, Inc.","3","$21.02M","n/a","Consumer Non-Durables","Package Goods/Cosmetics","http://www.nasdaq.com/symbol/caw",
"CVM","Cel-Sci Corporation","1.9","$19.16M","n/a","Health Care","Biotechnology: Biological Products (No Diagnostic Substances)","http://www.nasdaq.com/symbol/cvm",
"CVM.WS","Cel-Sci Corporation","n/a","n/a","n/a","n/a","n/a","http://www.nasdaq.com/symbol/cvm.ws",
"CEF","Central Fund of Canada Limited","13.46","$3.39B","n/a","n/a","n/a","http://www.nasdaq.com/symbol/cef",
"CET","Central Securities Corporation","26.53","$658.24M","n/a","n/a","n/a","http://www.nasdaq.com/symbol/cet",
"LEU","Centrus Energy Corp.","4.34","$39.23M","2014","Basic Industries","Mining & Quarrying of Nonmetallic Minerals (No Fuels)","http://www.nasdaq.com/symbol/leu",
"CCF","Chase Corporation","116.7","$1.09B","n/a","Consumer Durables","Building Products","http://www.nasdaq.com/symbol/ccf",
"CQH","Cheniere Energy Partners LP Holdings, LLC","26.26","$6.08B","2013","Public Utilities","Oil/Gas Transmission","http://www.nasdaq.com/symbol/cqh",
"CQP","Cheniere Energy Partners, LP","27.51","$13.31B","2007","Public Utilities","Oil/Gas Transmission","http://www.nasdaq.com/symbol/cqp",
"LNG","Cheniere Energy, Inc.","48.7","$11.57B","n/a","Public Utilities","Oil/Gas Transmission","http://www.nasdaq.com/symbol/lng",
"CVR","Chicago Rivet & Machine Co.","30.48","$29.45M","n/a","Technology","Industrial Machinery/Components","http://www.nasdaq.com/symbol/cvr",
"CPHI","China Pharma Holdings, Inc.","0.1812","$7.9M","n/a","Health Care","Major Pharmaceuticals","http://www.nasdaq.com/symbol/cphi",
"CISN.WS","Cision Ltd.","n/a","n/a","n/a","n/a","n/a","http://www.nasdaq.com/symbol/cisn.ws",
"CKX","CKX Lands, Inc.","10.5","$20.4M","n/a","Energy","Oil & Gas Production","http://www.nasdaq.com/symbol/ckx",
"GLV","Clough Global Dividend and Income Fund","13.42","$139.3M","2004","n/a","n/a","http://www.nasdaq.com/symbol/glv",
"GLQ","Clough Global Equity Fund","13.24","$233.57M","2005","n/a","n/a","http://www.nasdaq.com/symbol/glq",
"GLO","Clough Global Opportunities Fund","10.8302","$558.39M","2006","n/a","n/a","http://www.nasdaq.com/symbol/glo",
"COHN","Cohen & Company Inc.","8.4","$10.57M","n/a","Finance","Investment Bankers/Brokers/Service","http://www.nasdaq.com/symbol/cohn",
"MOC","Command Security Corporation","3.01","$29.64M","n/a","Consumer Services","Diversified Commercial Services","http://www.nasdaq.com/symbol/moc",
"CIX","CompX International Inc.","13.5","$167.75M","1998","Capital Goods","Industrial Machinery/Components","http://www.nasdaq.com/symbol/cix",
"LODE","Comstock Mining, Inc.","0.4025","$18.23M","n/a","Basic Industries","Precious Metals","http://www.nasdaq.com/symbol/lode",
"CDOR","Condor Hospitality Trust, Inc.","9.3","$108.62M","n/a","Consumer Services","Real Estate Investment Trusts","http://www.nasdaq.com/symbol/cdor",
"CTO","Consolidated-Tomoka Land Co.","59.59","$332.62M","n/a","Finance","Real Estate","http://www.nasdaq.com/symbol/cto",
"MCF","Contango Oil & Gas Company","3.03","$77.29M","n/a","Energy","Oil & Gas Production","http://www.nasdaq.com/symbol/mcf",
"CUO","Continental Materials Corporation","19.95","$33.56M","n/a","Capital Goods","Building Materials","http://www.nasdaq.com/symbol/cuo",
"CMT","Core Molding Technologies Inc","21.41","$168.12M","n/a","Consumer Non-Durables","Plastic Products","http://www.nasdaq.com/symbol/cmt",
"CVRS","Corindus Vascular Robotics, Inc.","1.05","$198.14M","2015","Health Care","Medical/Dental Instruments","http://www.nasdaq.com/symbol/cvrs",
"CRMD","CorMedix Inc","0.5","$33.51M","n/a","Health Care","Major Pharmaceuticals","http://www.nasdaq.com/symbol/crmd",
"CRF","Cornerstone Strategic Return Fund, Inc. (The)","14.535","$320.62M","n/a","n/a","n/a","http://www.nasdaq.com/symbol/crf",
"CLM","Cornerstone Strategic Value Fund, Inc.","14.815","$645.63M","1987","n/a","n/a","http://www.nasdaq.com/symbol/clm",
"CVU","CPI Aerostructures, Inc.","8.75","$77.53M","n/a","Capital Goods","Military/Government/Technical","http://www.nasdaq.com/symbol/cvu",
"CIK","Credit Suisse Asset Management Income Fund, Inc.","3.29","$172.04M","n/a","n/a","n/a","http://www.nasdaq.com/symbol/cik",
"DHY","Credit Suisse High Yield Bond Fund","2.8","$280.13M","1998","n/a","n/a","http://www.nasdaq.com/symbol/dhy",
"CRHM","CRH Medical Corporation","1.85","$137.14M","2015","Health Care","Medical/Dental Instruments","http://www.nasdaq.com/symbol/crhm",
"CRVP","Crystal Rock Holdings, Inc.","0.72","$15.38M","n/a","Consumer Non-Durables","Food Distributors","http://www.nasdaq.com/symbol/crvp",
"CTEK","CynergisTek, Inc.","4.04","$38.39M","2017","Miscellaneous","Business Services","http://www.nasdaq.com/symbol/ctek",
"DXR","Daxor Corporation","4.55","$17.25M","n/a","Health Care","Medical/Dental Instruments","http://www.nasdaq.com/symbol/dxr",
"VCF","Delaware Investments Colorado Municipal Income Fund, Inc","15.49","$74.93M","1993","Consumer Services","Miscellaneous","http://www.nasdaq.com/symbol/vcf",
"VFL","Delaware Investments Florida Insured Municipal Income Fund","13.37","$60.55M","1993","n/a","n/a","http://www.nasdaq.com/symbol/vfl",
"VMM","Delaware Investments Minnesota Municipal Income Fund II, Inc.","13.78","$158.54M","1993","n/a","n/a","http://www.nasdaq.com/symbol/vmm",
"DLA","Delta Apparel, Inc.","21.04","$157.56M","n/a","Consumer Non-Durables","Apparel","http://www.nasdaq.com/symbol/dla",
"DNN","Denison Mine Corp","0.5489","$306.88M","n/a","Basic Industries","Precious Metals","http://www.nasdaq.com/symbol/dnn",
"DGSE","DGSE Companies, Inc.","1.04","$28M","n/a","Consumer Services","Consumer Specialties","http://www.nasdaq.com/symbol/dgse",
"DPW","Digital Power Corporation","0.591","$9.1M","n/a","Capital Goods","Industrial Machinery/Components","http://www.nasdaq.com/symbol/dpw",
"DSS","Document Security Systems, Inc.","0.7211","$10.36M","n/a","Consumer Durables","Containers/Packaging","http://www.nasdaq.com/symbol/dss",
"DMF","Dreyfus Municipal Income, Inc.","8.88","$184.23M","1988","n/a","n/a","http://www.nasdaq.com/symbol/dmf",
"GRF","Eagle Capital Growth Fund, Inc.","8.07","$28.96M","n/a","n/a","n/a","http://www.nasdaq.com/symbol/grf",
"EVM","Eaton Vance California Municipal Bond Fund","11.88","$254.16M","2002","n/a","n/a","http://www.nasdaq.com/symbol/evm",
"EIA","Eaton Vance California Municipal Bond Fund II","11.81","$45.9M","2002","n/a","n/a","http://www.nasdaq.com/symbol/eia",
"CEV","Eaton Vance California Municipal Income Trust","12.14","$88.07M","1999","n/a","n/a","http://www.nasdaq.com/symbol/cev",
"EVV","Eaton Vance Limited Duration Income Fund","13.62","$1.58B","2003","n/a","n/a","http://www.nasdaq.com/symbol/evv",
"MAB","Eaton Vance Massachusetts Municipal Bond Fund","13.58","$24.02M","2002","n/a","n/a","http://www.nasdaq.com/symbol/mab",
"MMV","Eaton Vance Massachusetts Municipal Income Trust","13.297","$36.39M","1999","n/a","n/a","http://www.nasdaq.com/symbol/mmv",
"MIW","Eaton Vance Michigan Municipal Bond Fund","13.59","$20.39M","2002","n/a","n/a","http://www.nasdaq.com/symbol/miw",
"EMI","Eaton Vance Michigan Municipal Income Trust","13.047","$26.26M","1999","n/a","n/a","http://www.nasdaq.com/symbol/emi",
"EIM","Eaton Vance Municipal Bond Fund","12.73","$867.78M","2002","n/a","n/a","http://www.nasdaq.com/symbol/eim",
"EIV","Eaton Vance Municipal Bond Fund II","12.38","$123.97M","2002","n/a","n/a","http://www.nasdaq.com/symbol/eiv",
"EMJ","Eaton Vance New Jersey Municipal Bond Fund","12.63","$32.57M","2002","n/a","n/a","http://www.nasdaq.com/symbol/emj",
"EVJ","Eaton Vance New Jersey Municipal Income Trust","11.87","$54.58M","1999","n/a","n/a","http://www.nasdaq.com/symbol/evj",
"ENX","Eaton Vance New York Municipal Bond Fund","12.41","$194.36M","2002","n/a","n/a","http://www.nasdaq.com/symbol/enx",
"NYH","Eaton Vance New York Municipal Bond Fund II","11.65","$29.78M","2002","n/a","n/a","http://www.nasdaq.com/symbol/nyh",
"EVY","Eaton Vance New York Municipal Income Trust","13.01","$71.24M","1999","n/a","n/a","http://www.nasdaq.com/symbol/evy",
"EIO","Eaton Vance Ohio Municipal Bond Fund","12.7801","$32.44M","2002","n/a","n/a","http://www.nasdaq.com/symbol/eio",
"EVO","Eaton Vance Ohio Municipal Income Trust","13.36","$38.17M","1999","n/a","n/a","http://www.nasdaq.com/symbol/evo",
"EIP","Eaton Vance Pennsylvania Municipal Bond Fund","12.62","$37.36M","2002","n/a","n/a","http://www.nasdaq.com/symbol/eip",
"EVP","Eaton Vance Pennsylvania Municipal Income Trust","12.001","$31.21M","1999","n/a","n/a","http://www.nasdaq.com/symbol/evp",
"ELMD","Electromed, Inc.","5.32","$43.94M","2011","Health Care","Biotechnology: Electromedical & Electrotherapeutic Apparatus","http://www.nasdaq.com/symbol/elmd",
"ELLO","Ellomay Capital Ltd.","7.8692","$84.02M","n/a","Public Utilities","Electric Utilities: Central","http://www.nasdaq.com/symbol/ello",
"ECF","Ellsworth Growth and Income Fund Ltd.","9.2","$118.46M","1986","n/a","n/a","http://www.nasdaq.com/symbol/ecf",
"ECF^A","Ellsworth Growth and Income Fund Ltd.","25","n/a","n/a","n/a","n/a","http://www.nasdaq.com/symbol/ecf^a",
"EMAN","eMagin Corporation","1.75","$61.2M","n/a","Technology","Semiconductors","http://www.nasdaq.com/symbol/eman",
"MSN","Emerson Radio Corporation","1.5","$37.49M","n/a","Consumer Non-Durables","Consumer Electronics/Appliances","http://www.nasdaq.com/symbol/msn",
"EMX","EMX Royalty Corporation","0.86","$68.35M","n/a","Basic Industries","Precious Metals","http://www.nasdaq.com/symbol/emx",
"UUUU","Energy Fuels Inc","1.81","$130.29M","n/a","Basic Industries","Mining & Quarrying of Nonmetallic Minerals (No Fuels)","http://www.nasdaq.com/symbol/uuuu",
"UUUU.WS","Energy Fuels Inc","n/a","n/a","n/a","n/a","n/a","http://www.nasdaq.com/symbol/uuuu.ws",
"ENRJ","EnerJex Resources, Inc.","0.2997","$3.09M","n/a","Energy","Oil & Gas Production","http://www.nasdaq.com/symbol/enrj",
"ENSV","ENSERVCO Corporation","0.63","$32.24M","n/a","Energy","Oilfield Services/Equipment","http://www.nasdaq.com/symbol/ensv",
"ESNC","EnSync, Inc.","0.41","$22.89M","n/a","Public Utilities","Electric Utilities: Central","http://www.nasdaq.com/symbol/esnc",
"EGI","Entree Resources Ltd.","0.485","$84.18M","2017","Basic Industries","Precious Metals","http://www.nasdaq.com/symbol/egi",
"EVI","EnviroStarm, Inc.","27","$316.66M","n/a","Consumer Services","Other Consumer Services","http://www.nasdaq.com/symbol/evi",
"ERN","Erin Energy Corp.","2.65","$569.63M","n/a","Energy","Oil & Gas Production","http://www.nasdaq.com/symbol/ern",
"ESP","Espey Mfg. & Electronics Corp.","22.95","$54.42M","n/a","Capital Goods","Industrial Machinery/Components","http://www.nasdaq.com/symbol/esp",
"EVBN","Evans Bancorp, Inc.","42.25","$201.92M","n/a","Finance","Major Banks","http://www.nasdaq.com/symbol/evbn",
"EPM","Evolution Petroleum Corporation, Inc.","6.85","$226.49M","n/a","Energy","Oil & Gas Production","http://www.nasdaq.com/symbol/epm",
"FPP","FieldPoint Petroleum Corporation","0.3458","$3.69M","n/a","Energy","Oil & Gas Production","http://www.nasdaq.com/symbol/fpp",
"FPP.WS","FieldPoint Petroleum Corporation","n/a","n/a","n/a","n/a","n/a","http://www.nasdaq.com/symbol/fpp.ws",
"FEN","First Trust Energy Income and Growth Fund","22.11","$428.87M","2004","n/a","n/a","http://www.nasdaq.com/symbol/fen",
"BDL","Flanigan&#39;s Enterprises, Inc.","21.95","$40.8M","n/a","Consumer Services","Restaurants","http://www.nasdaq.com/symbol/bdl",
"FSI","Flexible Solutions International Inc.","1.86","$21.38M","n/a","Basic Industries","Major Chemicals","http://www.nasdaq.com/symbol/fsi",
"FTF","Franklin Limited Duration Income Trust","11.75","$265.6M","2003","n/a","n/a","http://www.nasdaq.com/symbol/ftf",
"FSP","Franklin Street Properties Corp.","10.46","$1.12B","n/a","Consumer Services","Real Estate Investment Trusts","http://www.nasdaq.com/symbol/fsp",
"FRD","Friedman Industries Inc.","5.56","$38.97M","n/a","Capital Goods","Steel/Iron Ore","http://www.nasdaq.com/symbol/frd",
"GGN","GAMCO Global Gold, Natural Reources & Income Trust ","5.28","$714.46M","2005","n/a","n/a","http://www.nasdaq.com/symbol/ggn",
"GGN^B","GAMCO Global Gold, Natural Reources & Income Trust ","24.68","n/a","n/a","n/a","n/a","http://www.nasdaq.com/symbol/ggn^b",
"GST","Gastar Exploration Inc.","0.8484","$185.75M","n/a","Energy","Oil & Gas Production","http://www.nasdaq.com/symbol/gst",
"GST^A","Gastar Exploration Inc.","17.95","n/a","n/a","n/a","n/a","http://www.nasdaq.com/symbol/gst^a",
"GST^B","Gastar Exploration Inc.","19.56","n/a","n/a","n/a","n/a","http://www.nasdaq.com/symbol/gst^b",
"JOB","GEE Group Inc.","2.9","$28.65M","n/a","Technology","Diversified Commercial Services","http://www.nasdaq.com/symbol/job",
"GMO","General Moly, Inc","0.29","$32.24M","n/a","Basic Industries","Precious Metals","http://www.nasdaq.com/symbol/gmo",
"GSB","GlobalSCAPE, Inc.","3.86","$83.27M","n/a","Technology","Computer Software: Prepackaged Software","http://www.nasdaq.com/symbol/gsb",
"GSAT","Globalstar, Inc.","1.62","$2.04B","2006","Consumer Services","Telecommunications Equipment","http://www.nasdaq.com/symbol/gsat",
"GLOW","Glowpoint, Inc.","0.3","$10.84M","n/a","Public Utilities","Telecommunications Equipment","http://www.nasdaq.com/symbol/glow",
"GORO","Gold Resource Corporation","3.95","$224.72M","n/a","Basic Industries","Precious Metals","http://www.nasdaq.com/symbol/goro",
"GSV","Gold Standard Ventures Corporation","1.47","$343.24M","n/a","Basic Industries","Mining & Quarrying of Nonmetallic Minerals (No Fuels)","http://www.nasdaq.com/symbol/gsv",
"AUMN","Golden Minerals Company","0.41","$37.7M","n/a","Basic Industries","Precious Metals","http://www.nasdaq.com/symbol/aumn",
"GSS","Golden Star Resources, Ltd","0.8653","$329.32M","n/a","Basic Industries","Precious Metals","http://www.nasdaq.com/symbol/gss",
"GV","Goldfield Corporation (The)","4.15","$105.62M","n/a","Basic Industries","Water Supply","http://www.nasdaq.com/symbol/gv",
"GDP","Goodrich Petroleum Corporation","10.62","$111.92M","2017","Energy","Oil & Gas Production","http://www.nasdaq.com/symbol/gdp",
"GTE","Gran Tierra Energy Inc.","2.18","$843.38M","n/a","Energy","Oil & Gas Production","http://www.nasdaq.com/symbol/gte",
"GPL","Great Panther Silver Limited","1.15","$193.61M","n/a","Basic Industries","Precious Metals","http://www.nasdaq.com/symbol/gpl",
"SIM","Grupo Simec, S.A. de C.V.","10","$1.66B","1993","Basic Industries","Steel/Iron Ore","http://www.nasdaq.com/symbol/sim",
"GVP","GSE Systems, Inc.","3.2","$61.58M","n/a","Technology","Computer Software: Prepackaged Software","http://www.nasdaq.com/symbol/gvp",
"GLF","GulfMark Offshore, Inc.","29.5","$836.98M","2017","Energy","Metal Fabrications","http://www.nasdaq.com/symbol/glf",
"GLF.WS","GulfMark Offshore, Inc.","n/a","n/a","n/a","n/a","n/a","http://www.nasdaq.com/symbol/glf.ws",
"HEB","Hemispherx BioPharma, Inc.","0.321","$10.05M","n/a","Health Care","Biotechnology: Biological Products (No Diagnostic Substances)","http://www.nasdaq.com/symbol/heb",
"HCAC","Hennessy Capital Acquisition Corp. III","9.79","n/a","2017","Finance","Business Services","http://www.nasdaq.com/symbol/hcac",
"HCAC.U","Hennessy Capital Acquisition Corp. III","n/a","n/a","2017","n/a","n/a","http://www.nasdaq.com/symbol/hcac.u",
"HCAC.WS","Hennessy Capital Acquisition Corp. III","n/a","n/a","n/a","n/a","n/a","http://www.nasdaq.com/symbol/hcac.ws",
"HLM^","Hillman Group Capital Trust","34.2653","n/a","n/a","n/a","n/a","http://www.nasdaq.com/symbol/hlm^",
"HMG","HMG/Courtland Properties, Inc.","10.91","$10.94M","n/a","Consumer Services","Real Estate Investment Trusts","http://www.nasdaq.com/symbol/hmg",
"HUSA","Houston American Energy Corporation","0.3912","$22.58M","n/a","Energy","Oil & Gas Production","http://www.nasdaq.com/symbol/husa",
"IBIO","iBio, Inc.","0.28","$25.99M","n/a","Health Care","Major Pharmaceuticals","http://www.nasdaq.com/symbol/ibio",
"IBO","IBO (Listing Market - NYSE Amex Network B F)","24.52","n/a","n/a","n/a","n/a","http://www.nasdaq.com/symbol/ibo",
"IEC","IEC Electronics Corp.","4.09","$42.21M","n/a","Technology","Electrical Products","http://www.nasdaq.com/symbol/iec",
"IMUC","ImmunoCellular Therapeutics, Ltd.","0.331","$5.24M","n/a","Health Care","Major Pharmaceuticals","http://www.nasdaq.com/symbol/imuc",
"IMUC.WS","ImmunoCellular Therapeutics, Ltd.","n/a","n/a","n/a","n/a","n/a","http://www.nasdaq.com/symbol/imuc.ws",
"IMH","Impac Mortgage Holdings, Inc.","11.73","$245.74M","1997","Consumer Services","Real Estate Investment Trusts","http://www.nasdaq.com/symbol/imh",
"IMO","Imperial Oil Limited","31.24","$26.17B","n/a","Energy","Integrated oil Companies","http://www.nasdaq.com/symbol/imo",
"IOR","Income Opportunity Realty Investors, Inc.","9.5","$39.6M","n/a","Consumer Services","Real Estate Investment Trusts","http://www.nasdaq.com/symbol/ior",
"IGC","India Globalization Capital Inc.","0.5068","$14.14M","n/a","Consumer Non-Durables","Electronic Components","http://www.nasdaq.com/symbol/igc",
"INFU","InfuSystems Holdings, Inc.","2.1","$47.84M","n/a","Health Care","Medical/Dental Instruments","http://www.nasdaq.com/symbol/infu",
"IHT","InnSuites Hospitality Trust","1.76","$17.22M","n/a","Consumer Services","Real Estate Investment Trusts","http://www.nasdaq.com/symbol/iht",
"NSPR","InspireMD, Inc.","0.44","$3.28M","n/a","Health Care","Medical/Dental Instruments","http://www.nasdaq.com/symbol/nspr",
"NSPR.WS","InspireMD, Inc.","n/a","n/a","n/a","n/a","n/a","http://www.nasdaq.com/symbol/nspr.ws",
"NSPR.WS.B","InspireMD, Inc.","n/a","n/a","n/a","n/a","n/a","http://www.nasdaq.com/symbol/nspr.ws.b",
"IDN","Intellicheck, Inc.","2.25","$33.71M","1999","Technology","Computer Software: Prepackaged Software","http://www.nasdaq.com/symbol/idn",
"INS","Intelligent Systems Corporation","3.851","$33.8M","1992","Technology","Computer Software: Prepackaged Software","http://www.nasdaq.com/symbol/ins",
"THM","International Tower Hill Mines Ltd","0.3799","$61.69M","n/a","Basic Industries","Precious Metals","http://www.nasdaq.com/symbol/thm",
"INTT","inTest Corporation","9.2","$95.7M","1997","Capital Goods","Electrical Products","http://www.nasdaq.com/symbol/intt",
"INUV","Inuvo, Inc","0.8","$22.78M","n/a","Consumer Services","Advertising","http://www.nasdaq.com/symbol/inuv",
"VKI","Invesco Advantage Municipal Income Trust II","11.39","$505.62M","n/a","n/a","n/a","http://www.nasdaq.com/symbol/vki",
"ISR","IsoRay, Inc.","0.46","$25.31M","n/a","Health Care","Medical/Dental Instruments","http://www.nasdaq.com/symbol/isr",
"ISDR","Issuer Direct Corporation","17","$50.68M","n/a","Miscellaneous","Publishing","http://www.nasdaq.com/symbol/isdr",
"JRJR","JRjr33, Inc.","0.1796","$7.25M","2014","Consumer Services","Other Consumer Services","http://www.nasdaq.com/symbol/jrjr",
"KIQ","Kelso Technologies Inc","0.3767","$17.67M","n/a","Capital Goods","Railroads","http://www.nasdaq.com/symbol/kiq",
"KLDX","Klondex Mines Ltd.","2.55","$457.98M","n/a","Basic Industries","Precious Metals","http://www.nasdaq.com/symbol/kldx",
"LTS","Ladenburg Thalmann Financial Services Inc","3.22","$638.82M","n/a","Finance","Investment Bankers/Brokers/Service","http://www.nasdaq.com/symbol/lts",
"LTS^A","Ladenburg Thalmann Financial Services Inc","25.23","n/a","n/a","n/a","n/a","http://www.nasdaq.com/symbol/lts^a",
"LAQ","Latin America Equity Fund, Inc. (The)","26.37","$196.42M","1991","n/a","n/a","http://www.nasdaq.com/symbol/laq",
"LGL","LGL Group, Inc. (The)","5.76","$15.41M","n/a","Capital Goods","Industrial Machinery/Components","http://www.nasdaq.com/symbol/lgl",
"LBY","Libbey, Inc.","7.1","$156.31M","1993","Capital Goods","Industrial Machinery/Components","http://www.nasdaq.com/symbol/lby",
"LLEX","Lilis Energy, Inc.","4.94","$251.04M","n/a","Energy","Oil & Gas Production","http://www.nasdaq.com/symbol/llex",
"LIQT","LiqTech International, Inc.","0.3824","$16.91M","n/a","Technology","Industrial Machinery/Components","http://www.nasdaq.com/symbol/liqt",
"MAG","MAG Silver Corporation","11.05","$892.81M","n/a","Basic Industries","Precious Metals","http://www.nasdaq.com/symbol/mag",
"MJCO","Majesco","5.71","$208.62M","2015","Technology","Computer Software: Prepackaged Software","http://www.nasdaq.com/symbol/mjco",
"MHH","Mastech Digital, Inc","9.65","$52.58M","n/a","Consumer Services","Professional Services","http://www.nasdaq.com/symbol/mhh",
"MTNB","Matinas Biopharma Holdings, Inc.","1.19","$110.2M","2017","Health Care","Major Pharmaceuticals","http://www.nasdaq.com/symbol/mtnb",
"MNI","McClatchy Company (The)","10","$76.85M","1988","Consumer Services","Newspapers/Magazines","http://www.nasdaq.com/symbol/mni",
"IPB","Merrill Lynch & Co., Inc.","28","n/a","n/a","Finance","Finance: Consumer Services","http://www.nasdaq.com/symbol/ipb",
"MXC","Mexco Energy Corporation","4.2","$8.56M","n/a","Energy","Oil & Gas Production","http://www.nasdaq.com/symbol/mxc",
"CCA","MFS California Insured Municipal Trust","11.84","$32.99M","1999","Consumer Non-Durables","Textiles","http://www.nasdaq.com/symbol/cca",
"MICR","Micron Solutions, Inc.","3.6","$10.16M","n/a","Health Care","Biotechnology: Electromedical & Electrotherapeutic Apparatus","http://www.nasdaq.com/symbol/micr",
"MLSS","Milestone Scientific, Inc.","1.25","$41.24M","2015","Health Care","Industrial Specialties","http://www.nasdaq.com/symbol/mlss",
"MVF","MuniVest Fund, Inc.","9.71","$626.27M","n/a","n/a","n/a","http://www.nasdaq.com/symbol/mvf",
"MZA","MuniYield Arizona Fund, Inc.","15.28","$70.67M","1993","n/a","n/a","http://www.nasdaq.com/symbol/mza",
"MYO","Myomo Inc.","4.7","$28.71M","2017","Health Care","Industrial Specialties","http://www.nasdaq.com/symbol/myo",
"NNVC","NanoViricides, Inc.","1","$63.31M","n/a","Health Care","Biotechnology: Commercial Physical & Biological Resarch","http://www.nasdaq.com/symbol/nnvc",
"ATEST","NASDAQ TEST STOCK","23","n/a","n/a","n/a","n/a","http://www.nasdaq.com/symbol/atest",
"ATEST.A","NASDAQ TEST STOCK","n/a","n/a","n/a","n/a","n/a","http://www.nasdaq.com/symbol/atest.a",
"ATEST.B","NASDAQ TEST STOCK","n/a","n/a","n/a","n/a","n/a","http://www.nasdaq.com/symbol/atest.b",
"ATEST.C","NASDAQ TEST STOCK","n/a","n/a","n/a","n/a","n/a","http://www.nasdaq.com/symbol/atest.c",
"NHC","National HealthCare Corporation","63.5","$965M","n/a","Health Care","Hospital/Nursing Management","http://www.nasdaq.com/symbol/nhc",
"NAVB","Navidea Biopharmaceuticals, Inc.","0.438","$71.07M","n/a","Health Care","Biotechnology: In Vitro & In Vivo Diagnostic Substances","http://www.nasdaq.com/symbol/navb",
"NTIP","Network-1 Technologies, Inc.","2.75","$66.44M","n/a","Miscellaneous","Multi-Sector Companies","http://www.nasdaq.com/symbol/ntip",
"NBW","Neuberger Berman California Intermediate Municipal Fund Inc.","13.96","$77.49M","2002","n/a","n/a","http://www.nasdaq.com/symbol/nbw",
"NHS","Neuberger Berman High Yield Strategies Fund","11.71","$228.82M","n/a","n/a","n/a","http://www.nasdaq.com/symbol/nhs",
"NBH","Neuberger Berman Intermediate Municipal Fund Inc.","15.12","$284.24M","2002","n/a","n/a","http://www.nasdaq.com/symbol/nbh",
"NML","Neuberger Berman MLP Income Fund Inc.","8.42","$477.07M","2013","n/a","n/a","http://www.nasdaq.com/symbol/nml",
"NBO","Neuberger Berman New York Intermediate Municipal Fund Inc.","12.35","$62.71M","2002","n/a","n/a","http://www.nasdaq.com/symbol/nbo",
"NRO","Neuberger Berman Real Estate Securities Income Fund, Inc.","5.36","$254.17M","2003","n/a","n/a","http://www.nasdaq.com/symbol/nro",
"UWN","Nevada Gold & Casinos, Inc.","2.44","$41.08M","n/a","Consumer Services","Services-Misc. Amusement & Recreation","http://www.nasdaq.com/symbol/uwn",
"NSU","Nevsun Resources Ltd","2.33","$703.86M","n/a","Basic Industries","Precious Metals","http://www.nasdaq.com/symbol/nsu",
"GBR","New Concept Energy, Inc","1.4649","$2.85M","n/a","Energy","Oil & Gas Production","http://www.nasdaq.com/symbol/gbr",
"NEN","New England Realty Associates Limited Partnership","72.75","$271.47M","n/a","Consumer Services","Building operators","http://www.nasdaq.com/symbol/nen",
"NGD","New Gold Inc.","3.23","$1.87B","n/a","Basic Industries","Precious Metals","http://www.nasdaq.com/symbol/ngd",
"NXE","Nexgen Energy Ltd.","2.34","$792.36M","n/a","Basic Industries","Precious Metals","http://www.nasdaq.com/symbol/nxe",
"HLTH","Nobilis Health Corp.","1.45","$112.82M","2015","Health Care","Hospital/Nursing Management","http://www.nasdaq.com/symbol/hlth",
"NAK","Northern Dynasty Minerals, Ltd.","2.12","$644.52M","n/a","Basic Industries","Precious Metals","http://www.nasdaq.com/symbol/nak",
"NOG","Northern Oil and Gas, Inc.","1.14","$76.18M","n/a","Energy","Oil & Gas Production","http://www.nasdaq.com/symbol/nog",
"NBY","NovaBay Pharmaceuticals, Inc.","4.6","$70.42M","2007","Health Care","Major Pharmaceuticals","http://www.nasdaq.com/symbol/nby",
"NG","Novagold Resources Inc.","3.89","$1.25B","n/a","Basic Industries","Precious Metals","http://www.nasdaq.com/symbol/ng",
"NTN","NTN Buzztime, Inc.","5.52","$13.91M","n/a","Consumer Services","Broadcasting","http://www.nasdaq.com/symbol/ntn",
"NES","Nuverra Environmental Solutions, Inc.","10.75","$125.73M","2017","Energy","Oilfield Services/Equipment","http://www.nasdaq.com/symbol/nes",
"OCX","OncoCyte Corporation","4.4","$137.88M","2015","Health Care","Biotechnology: In Vitro & In Vivo Diagnostic Substances","http://www.nasdaq.com/symbol/ocx",
"OGEN","Oragenics, Inc.","0.4156","$20.48M","n/a","Health Care","Major Pharmaceuticals","http://www.nasdaq.com/symbol/ogen",
"TIS","Orchids Paper Products Company","13.61","$141.94M","2005","Basic Industries","Paper","http://www.nasdaq.com/symbol/tis",
"ONP","Orient Paper, Inc.","1.27","$27.24M","n/a","Consumer Durables","Containers/Packaging","http://www.nasdaq.com/symbol/onp",
"ORM","Owens Realty Mortgage, Inc.","16.4","$164.69M","2013","Consumer Services","Real Estate Investment Trusts","http://www.nasdaq.com/symbol/orm",
"PCG^A","Pacific Gas & Electric Co.","30.5","n/a","n/a","n/a","n/a","http://www.nasdaq.com/symbol/pcg^a",
"PCG^B","Pacific Gas & Electric Co.","27.78","n/a","n/a","n/a","n/a","http://www.nasdaq.com/symbol/pcg^b",
"PCG^C","Pacific Gas & Electric Co.","26.18","n/a","n/a","n/a","n/a","http://www.nasdaq.com/symbol/pcg^c",
"PCG^D","Pacific Gas & Electric Co.","26.25","n/a","n/a","n/a","n/a","http://www.nasdaq.com/symbol/pcg^d",
"PCG^E","Pacific Gas & Electric Co.","26.458","n/a","n/a","n/a","n/a","http://www.nasdaq.com/symbol/pcg^e",
"PCG^G","Pacific Gas & Electric Co.","26.6452","n/a","n/a","n/a","n/a","http://www.nasdaq.com/symbol/pcg^g",
"PCG^H","Pacific Gas & Electric Co.","25.328","n/a","n/a","n/a","n/a","http://www.nasdaq.com/symbol/pcg^h",
"PCG^I","Pacific Gas & Electric Co.","25.1","n/a","n/a","n/a","n/a","http://www.nasdaq.com/symbol/pcg^i",
"PTN","Palatin Technologies, Inc.","0.868","$165.19M","n/a","Health Care","Major Pharmaceuticals","http://www.nasdaq.com/symbol/ptn",
"PARR","Par Pacific Holdings, Inc.","19.6","$897.49M","n/a","Energy","Oil & Gas Production","http://www.nasdaq.com/symbol/parr",
"PZG","Paramount Gold Nevada Corp.","1.23","$28.38M","2015","Basic Industries","Precious Metals","http://www.nasdaq.com/symbol/pzg",
"TEUM","Pareteum Corporation","0.81","$20.32M","n/a","Technology","EDP Services","http://www.nasdaq.com/symbol/teum",
"PRK","Park National Corporation","105.93","$1.62B","n/a","Finance","Major Banks","http://www.nasdaq.com/symbol/prk",
"BTU^","Peabody Energy Corporation","57.5","n/a","n/a","n/a","n/a","http://www.nasdaq.com/symbol/btu^",
"PED","Pedevco Corp.","0.3176","$1.93M","n/a","Energy","Oil & Gas Production","http://www.nasdaq.com/symbol/ped",
"PFNX","Pfenex Inc.","2.81","$66.17M","2014","Health Care","Major Pharmaceuticals","http://www.nasdaq.com/symbol/pfnx",
"HNW","Pioneer Diversified High Income Trust","15.81","$131.74M","2007","n/a","n/a","http://www.nasdaq.com/symbol/hnw",
"PLG","Platinum Group Metals Ltd.","0.3931","$58.36M","n/a","Basic Industries","Precious Metals","http://www.nasdaq.com/symbol/plg",
"PLYM","Plymouth Industrial REIT, Inc.","18.4","$70.16M","2017","Consumer Services","Real Estate Investment Trusts","http://www.nasdaq.com/symbol/plym",
"PLYM^A","Plymouth Industrial REIT, Inc.","24.83","n/a","n/a","n/a","n/a","http://www.nasdaq.com/symbol/plym^a",
"PLM","Polymet Mining Corp.","0.6197","$197.82M","n/a","Basic Industries","Precious Metals","http://www.nasdaq.com/symbol/plm",
"PW","Power REIT","6.1552","$11.25M","n/a","Consumer Services","Real Estate Investment Trusts","http://www.nasdaq.com/symbol/pw",
"PW^A","Power REIT","26.55","n/a","n/a","n/a","n/a","http://www.nasdaq.com/symbol/pw^a",
"PLX","Protalix BioTherapeutics, Inc.","0.67","$93.62M","n/a","Health Care","Biotechnology: Biological Products (No Diagnostic Substances)","http://www.nasdaq.com/symbol/plx",
"RLGT","Radiant Logistics, Inc.","4.76","$233.72M","n/a","Transportation","Oil Refining/Marketing","http://www.nasdaq.com/symbol/rlgt",
"RLGT^A","Radiant Logistics, Inc.","25.85","n/a","n/a","n/a","n/a","http://www.nasdaq.com/symbol/rlgt^a",
"UTG","Reaves Utility Income Fund","30.58","$1.49B","2004","n/a","n/a","http://www.nasdaq.com/symbol/utg",
"REED","Reeds, Inc.","2","$30.33M","n/a","Consumer Non-Durables","Beverages (Production/Distribution)","http://www.nasdaq.com/symbol/reed",
"RHE","Regional Health Properties, Inc.","0.2402","$4.77M","2017","Consumer Services","Real Estate Investment Trusts","http://www.nasdaq.com/symbol/rhe",
"RHE^A","Regional Health Properties, Inc.","7.26","n/a","n/a","n/a","n/a","http://www.nasdaq.com/symbol/rhe^a",
"RWC","RELM Wireless Corporation","3.9","$53.99M","n/a","Technology","Radio And Television Broadcasting And Communications Equipment","http://www.nasdaq.com/symbol/rwc",
"RCG","RENN Fund, Inc.","1.38","$6.16M","n/a","n/a","n/a","http://www.nasdaq.com/symbol/rcg",
"RVP","Retractable Technologies, Inc.","0.66","$20.9M","n/a","Health Care","Medical/Dental Instruments","http://www.nasdaq.com/symbol/rvp",
"RNN","Rexahn Pharmaceuticals, Inc.","2.08","$65.99M","n/a","Health Care","Major Pharmaceuticals","http://www.nasdaq.com/symbol/rnn",
"REI","Ring Energy, Inc.","13.87","$751M","n/a","Energy","Oil & Gas Production","http://www.nasdaq.com/symbol/rei",
"RIF","RMR Real Estate Income Fund","19.38","$197.71M","n/a","n/a","n/a","http://www.nasdaq.com/symbol/rif",
"SACH","Sachem Capital Corp.","4.18","$64.44M","2017","Consumer Services","Real Estate Investment Trusts","http://www.nasdaq.com/symbol/sach",
"SGA","Saga Communications, Inc.","43.95","$259.61M","n/a","Consumer Services","Broadcasting","http://www.nasdaq.com/symbol/sga",
"SNMP","Sanchez Midstream Partners LP","11.35","$165.73M","n/a","Energy","Oil & Gas Production","http://www.nasdaq.com/symbol/snmp",
"SAND          ","Sandstorm Gold Ltd","4.53","$824.16M","n/a","Basic Industries","Precious Metals","http://www.nasdaq.com/symbol/sand",
"SEB","Seaboard Corporation","4312.69","$5.05B","1996","Finance","Investment Bankers/Brokers/Service","http://www.nasdaq.com/symbol/seb",
"SENS","Senseonics Holdings, Inc.","2.68","$366.5M","n/a","Capital Goods","Industrial Machinery/Components","http://www.nasdaq.com/symbol/sens",
"SVT","Servotronics, Inc.","11.15","$27.14M","n/a","Capital Goods","Industrial Machinery/Components","http://www.nasdaq.com/symbol/svt",
"SMTS","Sierra Metals Inc.","2.3999","$390.41M","n/a","Basic Industries","Precious Metals","http://www.nasdaq.com/symbol/smts",
"SIF","SIFCO Industries, Inc.","6.55","$36.65M","n/a","Capital Goods","Aerospace","http://www.nasdaq.com/symbol/sif",
"SVM","Silvercorp Metals Inc.","2.436","$409.72M","n/a","Basic Industries","Precious Metals","http://www.nasdaq.com/symbol/svm",
"SKY","Skyline Corporation","12.29","$103.13M","n/a","Basic Industries","Homebuilding","http://www.nasdaq.com/symbol/sky",
"XPL","Solitario Zinc Corp.","0.6182","$36.13M","n/a","Basic Industries","Precious Metals","http://www.nasdaq.com/symbol/xpl",
"SCE^B","Southern California Edison Company","24.09","n/a","n/a","n/a","n/a","http://www.nasdaq.com/symbol/sce^b",
"SCE^C","Southern California Edison Company","24.7995","n/a","n/a","n/a","n/a","http://www.nasdaq.com/symbol/sce^c",
"SCE^D","Southern California Edison Company","25.55","n/a","n/a","n/a","n/a","http://www.nasdaq.com/symbol/sce^d",
"SCE^E","Southern California Edison Company","25.5254","n/a","n/a","n/a","n/a","http://www.nasdaq.com/symbol/sce^e",
"SGB","Southwest Georgia Financial Corporation","20.35","$51.84M","n/a","Finance","Major Banks","http://www.nasdaq.com/symbol/sgb",
"SRCI","SRC Energy Inc.","8.33","$2.01B","n/a","Energy","Oil & Gas Production","http://www.nasdaq.com/symbol/srci",
"SGY.WS","Stone Energy Corporation","n/a","n/a","n/a","n/a","n/a","http://www.nasdaq.com/symbol/sgy.ws",
"STRP","Straight Path Communications Inc.","181.59","$2.31B","2013","Public Utilities","Telecommunications Equipment","http://www.nasdaq.com/symbol/strp",
"SSY","SunLink Health Systems, Inc.","1.49","$13.65M","n/a","Health Care","Hospital/Nursing Management","http://www.nasdaq.com/symbol/ssy",
"SDPI","Superior Drilling Products, Inc.","1.13","$27.47M","2014","Energy","Metal Fabrications","http://www.nasdaq.com/symbol/sdpi",
"SYN","Synthetic Biologics, Inc","0.6762","$86.94M","n/a","Health Care","Major Pharmaceuticals","http://www.nasdaq.com/symbol/syn",
"TKAT","Takung Art Co., Ltd.","3.2752","$36.65M","n/a","Consumer Services","Other Specialty Stores","http://www.nasdaq.com/symbol/tkat",
"TRX","Tanzanian Royalty Exploration Corporation","0.2625","$32.08M","n/a","Basic Industries","Precious Metals","http://www.nasdaq.com/symbol/trx",
"TGB","Taseko Mines Limited","2.1","$475.79M","n/a","Basic Industries","Precious Metals","http://www.nasdaq.com/symbol/tgb",
"TIK","Tel-Instrument Electronics Corp.","2.55","$8.3M","n/a","Capital Goods","Electrical Products","http://www.nasdaq.com/symbol/tik",
"TGC","Tengasco, Inc.","0.6283","$6.67M","n/a","Energy","Oil & Gas Production","http://www.nasdaq.com/symbol/tgc",
"GLU","The Gabelli Global Utility and Income Trust","20.12","$82.72M","2004","n/a","n/a","http://www.nasdaq.com/symbol/glu",
"GLU^A","The Gabelli Global Utility and Income Trust","50.525","n/a","n/a","n/a","n/a","http://www.nasdaq.com/symbol/glu^a",
"GGO","The Gabelli Go Anywhere Trust","17.5","$28.18M","2016","n/a","n/a","http://www.nasdaq.com/symbol/ggo",
"GGO^A","The Gabelli Go Anywhere Trust","43.5","n/a","n/a","n/a","n/a","http://www.nasdaq.com/symbol/ggo^a",
"TMP","Tompkins Financial Corporation","83.43","$1.27B","n/a","Finance","Major Banks","http://www.nasdaq.com/symbol/tmp",
"TAT","Transatlantic Petroleum Ltd","0.7","$33.41M","n/a","Energy","Oil & Gas Production","http://www.nasdaq.com/symbol/tat",
"TRXC","TransEnterix, Inc.","2.49","$496.11M","n/a","Health Care","Medical/Dental Instruments","http://www.nasdaq.com/symbol/trxc",
"TMQ","Trilogy Metals Inc.","0.9448","$99.84M","n/a","Basic Industries","Precious Metals","http://www.nasdaq.com/symbol/tmq",
"TPHS","Trinity Place Holdings Inc.","7.04","$221.42M","n/a","Consumer Services","Building operators","http://www.nasdaq.com/symbol/tphs",
"TRT","Trio-Tech International","7.74","$27.35M","n/a","Technology","Industrial Machinery/Components","http://www.nasdaq.com/symbol/trt",
"HTM","U.S. Geothermal Inc.","3.8","$73.25M","n/a","Public Utilities","Electric Utilities: Central","http://www.nasdaq.com/symbol/htm",
"UFAB","Unique Fabricating, Inc.","7.95","$77.57M","2015","Capital Goods","Auto Parts:O.E.M.","http://www.nasdaq.com/symbol/ufab",
"UAMY","United States Antimony Corporation","0.2342","$15.78M","n/a","Capital Goods","Metal Fabrications","http://www.nasdaq.com/symbol/uamy",
"UUU","Universal Security Instruments, Inc.","1.4062","$3.25M","n/a","Consumer Non-Durables","Electronic Components","http://www.nasdaq.com/symbol/uuu",
"UQM","UQM Technologies Inc.","1.18","$63.78M","n/a","Capital Goods","Industrial Machinery/Components","http://www.nasdaq.com/symbol/uqm",
"URG","Ur Energy Inc","0.6352","$92.75M","n/a","Basic Industries","Precious Metals","http://www.nasdaq.com/symbol/urg",
"UEC","Uranium Energy Corp.","1.49","$208.31M","n/a","Basic Industries","Precious Metals","http://www.nasdaq.com/symbol/uec",
"VII","Vicon Industries, Inc.","0.4455","$7.82M","n/a","Consumer Durables","Telecommunications Equipment","http://www.nasdaq.com/symbol/vii",
"VHC","VirnetX Holding Corp","4.05","$238.29M","n/a","Miscellaneous","Multi-Sector Companies","http://www.nasdaq.com/symbol/vhc",
"VGZ","Vista Gold Corporation","0.6842","$68.02M","n/a","Basic Industries","Precious Metals","http://www.nasdaq.com/symbol/vgz",
"VNRX","VolitionRX Limited","3.46","$91.75M","2015","Health Care","Biotechnology: In Vitro & In Vivo Diagnostic Substances","http://www.nasdaq.com/symbol/vnrx",
"VISI","Volt Information Sciences, Inc.","3.95","$82.99M","n/a","Technology","Professional Services","http://www.nasdaq.com/symbol/visi",
"EAD","Wells Fargo Income Opportunities Fund","8.4","$592.36M","2003","n/a","n/a","http://www.nasdaq.com/symbol/ead",
"ERC","Wells Fargo Multi-Sector Income Fund","12.95","$452.47M","2003","n/a","n/a","http://www.nasdaq.com/symbol/erc",
"ERH","Wells Fargo Utilities and High Income Fund","13.24","$122.39M","2004","n/a","n/a","http://www.nasdaq.com/symbol/erh",
"WRN","Western Copper and Gold Corporation","0.9","$86.99M","2011","Basic Industries","Precious Metals","http://www.nasdaq.com/symbol/wrn",
"WYY","WidePoint Corporation","0.5768","$47.84M","n/a","Technology","EDP Services","http://www.nasdaq.com/symbol/wyy",
"WTT","Wireless Telecom Group,  Inc.","2.2","$50.14M","n/a","Capital Goods","Electrical Products","http://www.nasdaq.com/symbol/wtt",
"XTNT","Xtant Medical Holdings, Inc.","0.7773","$14.06M","n/a","Health Care","Biotechnology: Biological Products (No Diagnostic Substances)","http://www.nasdaq.com/symbol/xtnt",
"YUMA","Yuma Energy, Inc.","1.02","$22.6M","n/a","Energy","Oil & Gas Production","http://www.nasdaq.com/symbol/yuma",
"ZDGE","Zedge, Inc.","2.75","$27.41M","2016","Technology","Computer Software: Prepackaged Software","http://www.nasdaq.com/symbol/zdge",
